title,price,Rating,website
Bikano Chana Almond Bite 350gram Sweets Mithai,499,,https://dealsheaven.in/deal/bikano-chana-almond-bite-350gram-sweets-mithai
Bajaj Almond Drops Moisturizing Soap 5 X 125g,495,,https://dealsheaven.in/deal/bajaj-almond-drops-moisturizing-soap-5-x-125g
"Go HookedPlastic Duro Flower Pot for Gardening, Indoor/Outdo...",1699,,https://dealsheaven.in/deal/go-hookedplastic-duro-flower-pot-for-gardening-indooroutdoor-planter-green-8-inchpack-of-5-with-tray
"Tata Coffee Gold, Hazelnut Flavoured Coffee, Special Edition...",375,,https://dealsheaven.in/deal/tata-coffee-gold-hazelnut-flavoured-coffee-special-edition-pack-with-free-mug-50-gm-jar-instant-coffee-powder-freeze-dried-coffee-beans-full-bodied-taste-rich-aroma
amazon basics 28-Liter Casual Backpack with 2 Compartments |...,2100,,https://dealsheaven.in/deal/amazon-basics-28-liter-casual-backpack-with-2-compartments-bottle-pocket-front-pocket-included-padded-shoulder-straps
Woodland Men's Khaki Leather Sneaker-10 UK (44 EU) (G 40777C...,3895,,https://dealsheaven.in/deal/woodland-mens-khaki-leather-sneaker-10-uk-44-eu-g-40777cma
[Apply coupon] Wonderchef Ruby Sleek 60cm Chimney| Powerful...,22000,,https://dealsheaven.in/deal/wonderchef-ruby-sleek-60cm-chimney-powerful-suction-of-1400m3hr-auto-clean-function-oil-collector-low-noise-black
[Apply coupon] Elica 60 cm 1100 m3/HR Chimney (Escg BF 60 NE...,17990,,https://dealsheaven.in/deal/elica-60-cm-1100-m3hr-chimney-escg-bf-60-nero-1-baffle-filter-black
Rush Premium 50 Mtr Nutri Wrap Food Wrapping Paper Roll with...,800,,https://dealsheaven.in/deal/rush-premium-50-mtr-nutri-wrap-food-wrapping-paper-roll-with-sealing-sticker-non-sticky-butter-paper-roll-for-roti-use-as-parchment-paper-for-baking-cake-kitchen-roll-paper-or-roti-clothes-wrap
Blaupunkt Newly Launched SBW100 Pro+ 2.1 CH Soundbar with Wi...,14990,,https://dealsheaven.in/deal/blaupunkt-newly-launched-sbw100-pro-21-ch-soundbar-with-wired-subwoofeer-i-100w-rms-i-hdmi-arc-i-bluetooth-i-aux-i-usb-i-remote-control-with-equalizer
Longway Vesta 5.5 Ltr 5 Star Rated Instant Water Heater for...,5499,,https://dealsheaven.in/deal/longway-vesta-55-ltr-5-star-rated-instant-water-heater-for-home-with-advanced-multi-layered-safety-system-anti-rust-coating-suitable-for-kitchen-bathroom-5-year-warranty-gray-55-ltr
"Vector X Blast-7.0 Stud Cricket Shoes, Synthetic Upper, Rubb...",2549,,https://dealsheaven.in/deal/vector-x-blast-70-stud-cricket-shoes-synthetic-upper-rubber-outsole-designed-to-elevate-your-game-to-new-heights-power-precision-and-comfortwhite-black-size-5
"Faber 60 cm,3 way suction ,1095 m3/hr chimney with 3 Jar mix...",27990,,https://dealsheaven.in/deal/faber-60-cm3-way-suction-1095-m3hr-chimney-with-3-jar-mixer-grinder-combo-hood-tender-3d-pb-bk-60mixer-push-button-black
Orient electric Areva fan heater|2000W power|2 heating modes...,3590,,https://dealsheaven.in/deal/orient-electric-areva-fh20wp-20001000-watts-fan-room-heater-with-adjustable-thermostat-white
Maharaja Viva Steller Electric Kettle | 1.5L | 1350W Power |...,1350,,https://dealsheaven.in/deal/maharaja-viva-steller-electric-kettle-15l-1350w-power-stainless-steel-kettle-dry-boil-protection-concealed-heating-element-overheating-protection-auto-shut-off-1-yr-warranty
Nike Girl's 100% Cotton Above The Knee Dress (CK2776-101_Whi...,2495,,https://dealsheaven.in/deal/nike-girls-100-cotton-above-the-knee-dress-ck2776-101-whitebleached-coralblack-m
Portronics Adapto 62 2.4A 12W Mach USB Port USB Fast Wall Ch...,399,,https://dealsheaven.in/deal/portronics-adapto-62-usb-wall-adapter-without-cable-24a-fast-charging-single-usb-port-for-all-ios-android-devices-black
"KARACHI BAKERY KARACHI HALWA,200g",150,,https://dealsheaven.in/deal/karachi-bakery-karachi-halwa200g
GANESH Plastic Quadra Tea Coaster Set for Dining Table for H...,156,,https://dealsheaven.in/deal/ganesh-plastic-quadra-tea-coaster-set-for-dining-table-for-hot-pots-coasters-for-cups-set-of-6
Kwality Pani Puri kit 43 pcs with 2 Different Flavours Sweet...,100,,https://dealsheaven.in/deal/kwality-pani-puri-kit-43-pcs-with-2-different-flavours-sweet-and-spicy-pani-powder-150g-pack-1
Nike Girl's Fitted T-Shirt (CN0836-010_Black L),1195,,https://dealsheaven.in/deal/nike-girls-fitted-t-shirt-cn0836-010-black-l
Safari ARC Polyester 55 cms Blue Travel Duffle (ARC55RLBLU),13620,,https://dealsheaven.in/deal/safari-arc-polyester-55-cms-blue-travel-duffle-arc55rlblu
Good Karma 2 Ply Eco-Friendly Unbleached Facial Tissue Box |...,400,,https://dealsheaven.in/deal/good-karma-2-ply-eco-friendly-unbleached-facial-tissue-box-car-tissue-pack-of-2-100-pulls-per-box-200-sheets
"PHILIPS Hue Gen 3 Smart Light E27 Color Ambiance 9W Bulb, Bl...",0,,https://dealsheaven.in/deal/philips-hue-gen-3-smart-light-e27-color-ambiance-9w-bulb-bluetooth-zigbee-compatible-hue-bridge-optional-compatible-with-alexa-google-assistant-white-pack-of-1
Aristo Store Queen111 Plastic Storage Container-320 ml (4 PC...,130,,https://dealsheaven.in/deal/aristo-store-queen111-plastic-storage-container-320-ml-4-pcs-set
Attro Helix Plastic Unbreakable Fridge 1000ml Water Bottle f...,300,,https://dealsheaven.in/deal/attro-helix-plastic-unbreakable-fridge-1000ml-water-bottle-for-office-sports-school-travelling-gym-yoga-bpa-and-leak-free-assorted-set-of-2
"AMIFIT Premium Hand Grip Strengthener with Foam Handle, Hand...",399,,https://dealsheaven.in/deal/amifit-premium-hand-grip-strengthener-with-foam-handle-hand-gripper-for-men-women-for-gym-workout-hand-exercise-equipment-to-use-in-home-blue-black
Havells Vestio Steam Iron Press 1600 Watts With Anti Drip Se...,2549,,https://dealsheaven.in/deal/havells-vestio-steam-iron-press-1600-watts-with-anti-drip-self-cleaning-function-horizontal-vertical-steam-non-stick-coated-sole-plate-2-years-manufacturer-warranty-blue
Reebok Men Synthetic/Textile Fitness 24/7 M Running Shoes Bl...,3299,,https://dealsheaven.in/deal/reebok-men-synthetictextile-fitness-247-m-running-shoes-blackgolden-bronze-uk-8
[Apply coupon] Amazon Basics 400 mm 2-in-1 BLDC Pedestal Fan...,6699,,https://dealsheaven.in/deal/amazon-basics-400-mm-2-in-1-bldc-pedestal-fan-with-remote-control-and-26-speed-fuctions-5-star-rated-with-efficient-copper-motor-white
"Haans AB Roller Wheel for Muscle Training, Tighten Waist and...",1999,,https://dealsheaven.in/deal/haans-ab-roller-wheel-for-muscle-training-tighten-waist-and-abdomen-abdominal-exercise-core-workout-gym-equipment-for-men-and-women-orange
Wahl 1411.0010 Corded Trimmer (Black),3500,,https://dealsheaven.in/deal/wahl-14110010-corded-trimmer-black
"Haans AB Roller Wheel for Muscle Training, Tighten Waist and...",1999,,https://dealsheaven.in/deal/haans-ab-roller-wheel-for-muscle-training-tighten-waist-and-abdomen-abdominal-exercise-core-workout-gym-equipment-for-men-and-women-blue
Campus Men's Ignite PRO BLU/RED Running Shoes - 6UK/India 22...,1099,,https://dealsheaven.in/deal/campus-mens-ignite-pro-blured-running-shoes-6ukindia-22g-287
VW Sonic Bar | 120W Soundbar | 2.1 Channel Home Theatre | 5....,16999,,https://dealsheaven.in/deal/vw-sonic-bar-120w-soundbar-21-channel-home-theatre-525-wired-subwoofer-multiple-connectivity-sleek-design-black
Park Avenue Men Neo Signature Collection | Deodorant Spray |...,500,,https://dealsheaven.in/deal/park-avenue-men-neo-signature-collection-deodorant-spray-fresh-long-lasting-aroma-150ml-each-pack-of-2
Campus Men's Brazil PRO Full BLK/Golden Training/Gym Shoes -...,1599,,https://dealsheaven.in/deal/campus-mens-brazil-pro-full-blkgolden-traininggym-shoes-6ukindia-11g-749
Happer Plastic Premium Multipurpose Wall Mounted Storage Cab...,2086,,https://dealsheaven.in/deal/happer-plastic-premium-multipurpose-wall-mounted-storage-cabinet-with-mirror-prime-look-black
crocs Unisex Adult Classic Spray Dye Flip WHI/MLTI White Sli...,2295,,https://dealsheaven.in/deal/crocs-unisex-adult-classic-spray-dye-flip-whimlti-white-slipper-208056-94s
Puma Mens Foam Stride Navy-Fizzy Lime-White Running Shoe - 9...,4499,,https://dealsheaven.in/deal/puma-mens-foam-stride-navy-fizzy-lime-white-running-shoe-9uk-37999202
Campus Men's Callisto BLU/F.GRN Walking Shoes - 8UK/India 22...,2199,,https://dealsheaven.in/deal/campus-mens-callisto-blufgrn-walking-shoes-8ukindia-22g-149a
new balance Drift Men Running Sport Shoe Light Aluminum/Lead...,4999,,https://dealsheaven.in/deal/new-balance-drift-men-running-sport-shoe-light-aluminumlead-uk-8
DERMATOUCH Salicylic Acid 2% Face Wash | For Acne & Oil Cont...,299,,https://dealsheaven.in/deal/dermatouch-salicylic-acid-2-face-wash-for-acne-oil-control-suitable-to-all-skin-types-for-both-men-women-100ml
"FCUK New Tide Smart Watch|1.39"" Round Display| 360x360 High...",7999,,https://dealsheaven.in/deal/fcuk-new-tide-smart-watch139-round-display-360x360-high-resolution-singlesync-bt-callingbuilt-in-ai-voice-assistant-premium-textured-strapsupto-5-day-battery120-sports-modes-fcsw01-d
"Halonix 2-in-1 Dimmable 9W,0.5W Multi Wattage Adjustable Lig...",399,,https://dealsheaven.in/deal/halonix-2-in-1-all-rounder-9w05w-b22-led-bulb-cool-white-off-whitepack-of-2-multi-wattage-with-adjustable-led-light
Status Contract Bath Towels |(120 X 60 Cm) Coral Fleece Quic...,1499,,https://dealsheaven.in/deal/status-contract-bath-towels-120-x-60-cm-coral-fleece-quick-dry-towel-super-absorbent-soft-luxury-bath-towels-with-hook-hair-towel-for-men-women-red-set-of-3-350-tc-polyester-blend
"UV-Squad De-tan Clay Mask with Niacinamide, 100 gm",549,,https://dealsheaven.in/deal/uv-squad-de-tan-clay-mask-with-niacinamide-100-gm
Bata Comfit Women's Crystal Thong Red Sandal-4 Kids UK (5715...,1299,,https://dealsheaven.in/deal/bata-comfit-womens-crystal-thong-red-sandal-4-kids-uk-5715137
WONDERCUT Wc-Ed13-R Impact Drill Machine Reversible Hammer D...,4099,,https://dealsheaven.in/deal/wondercut-wc-ed13-r-impact-drill-machine-reversible-hammer-driver-variable-speed-screwdriver-13mm-650w-red
"Vim Shudhham Gel for Copper, Brass, Silver, 250ml (Pack of 2...",300,,https://dealsheaven.in/deal/vim-shudhham-gel-for-copper-brass-silver-250ml-pack-of-2
"GM Excel35 Ceiling Fan White 1200 MM 380 RPM, 5 Star Rated,...",4700,,https://dealsheaven.in/deal/gm-excel35-ceiling-fan-white-1200-mm-380-rpm-5-star-rated-energy-efficient-bldc-motorwith-remote-control-prelubricated-closed-type-double-ball-bearing-high-air-thurst-suitable-for-liing-room
Morphy Richards Kingsman Elite | 3-in-1 Multipurpose Trimmer...,1999,,https://dealsheaven.in/deal/morphy-richards-kingsman-elite-3-in-1-multipurpose-trimmer-for-men-grooming-kit-trimmer-shaver-nose-ear-trimmerusb-rechargeablestainless-steel-bladesquick-charge2-yr-warrantygift-for-him
More Light Extra Power Liquid Detergent 5 Litre Pouch with E...,525,,https://dealsheaven.in/deal/more-light-extra-power-liquid-detergent-5-litre-pouch-with-enzymatic-action-removes-tough-stain-laundry-liquid-detergent-with-refreshing-fragrance-for-bucket-wash-top-load-front-load-machines
Adidas Womens Speedmotion Legink/NGTMET/BLUDAW Sneaker - 4 U...,8999,,https://dealsheaven.in/deal/adidas-womens-speedmotion-leginkngtmetbludaw-sneaker-4-uk-hp5693
Rejusure Hyaluronic Acid Facial Serum – Advance Anti – Aging...,600,,https://dealsheaven.in/deal/rejusure-hyaluronic-acid-facial-serum-advance-anti-aging-hydration-30-ml
Reebok Mens Stridium 2.0 Shoes Grey,5599,,https://dealsheaven.in/deal/reebok-mens-stridium-20-shoes-grey
Blaupunkt BH31 Bluetooth Wireless Over Ear Headphones I 40MM...,2999,,https://dealsheaven.in/deal/blaupunkt-bh31-bluetooth-wireless-over-ear-headphones-i-40mm-drivers-i-hd-sound-i-soft-pu-headband-with-built-in-mic-i-turbovolt-fast-charging
Amrit Unrefined Double Filtered Cold Pressed Sesame Oil (2L)...,1398,,https://dealsheaven.in/deal/amrit-unrefined-double-filtered-cold-pressed-sesame-oil-2l-perfect-for-cooking-at-home-cafes-restaurants-and-hotels-supports-bone-health-improves-blood-circulation-promotes-heart-wellness
Acer Lite Extra Soft Padded Backpack Panel with Airmesh (16...,1999,,https://dealsheaven.in/deal/acer-lite-extra-soft-padded-backpack-panel-with-airmesh-16-litre-capacityheavy-duty-sbs-zipperspremium-1680d-polyester-fabric-premium-black-and-green
Pigeon by Stovekraft 3 Litre Special Stainless Steel Inner L...,3390,,https://dealsheaven.in/deal/pigeon-by-stovekraft-3-litre-special-stainless-steel-inner-lid-induction-base-pressure-cooker-silver-bis-certified-pigeon-aluminium-nonstick-duo-pack-flat-tawa-250-and-fry-pan-200-gift-set-red
"Under Armour UA W TRIBASE Reign 4 Women's Training Shoes, Bl...",12499,,https://dealsheaven.in/deal/under-armour-ua-w-tribase-reign-4-womens-training-shoes-black-6
BSB HOME Super Soft Cloudy Printed Double Bed Blanket for He...,3999,,https://dealsheaven.in/deal/bsb-home-super-soft-cloudy-printed-double-bed-blanket-for-heavy-winter-single-ply-mink-blanket-king-size-with-220-x-230-cm-35-kg-grey-blue-pack-of-1
